[
  {
    "id": "78a96b8d-5a76-4b07-b3a4-c46de599dc21",
    "data": [
      {
        "text": "looking for ",
        "userDefined": false
      },
      {
        "text": "concert",
        "alias": "queryText",
        "meta": "@sys.any",
        "userDefined": true
      }
    ],
    "isTemplate": false,
    "count": 0,
    "updated": 0
  },
  {
    "id": "6318d8c8-f7e4-4fb6-891e-61651d9475db",
    "data": [
      {
        "text": "any ",
        "userDefined": false
      },
      {
        "text": "event",
        "alias": "queryText",
        "meta": "@sys.any",
        "userDefined": true
      },
      {
        "text": " for ",
        "userDefined": false
      },
      {
        "text": "kids",
        "alias": "queryText",
        "meta": "@sys.any",
        "userDefined": true
      }
    ],
    "isTemplate": false,
    "count": 0,
    "updated": 0
  },
  {
    "id": "1eca6f27-16e2-48ee-a974-325f8838eed8",
    "data": [
      {
        "text": "attend a ",
        "userDefined": false
      },
      {
        "text": "talk",
        "alias": "queryText",
        "meta": "@sys.any",
        "userDefined": true
      }
    ],
    "isTemplate": false,
    "count": 0,
    "updated": 0
  },
  {
    "id": "a51c331b-25a6-4c7e-b476-5f31aae03cac",
    "data": [
      {
        "text": "would like to watch a ",
        "userDefined": false
      },
      {
        "text": "concert",
        "alias": "queryText",
        "meta": "@sys.any",
        "userDefined": true
      }
    ],
    "isTemplate": false,
    "count": 0,
    "updated": 0
  },
  {
    "id": "153a1f1c-6ff0-48a5-a6b4-76d753611db9",
    "data": [
      {
        "text": "I am looking for ",
        "userDefined": false
      },
      {
        "text": "concert",
        "alias": "queryText",
        "meta": "@sys.any",
        "userDefined": true
      }
    ],
    "isTemplate": false,
    "count": 0,
    "updated": 0
  },
  {
    "id": "a87ba5f9-e105-4100-9661-3e3ad4c7bf36",
    "data": [
      {
        "text": "concert",
        "alias": "queryText",
        "meta": "@sys.any",
        "userDefined": true
      },
      {
        "text": " in ",
        "userDefined": false
      },
      {
        "text": "Singapore",
        "alias": "location",
        "meta": "@sys.location",
        "userDefined": false
      }
    ],
    "isTemplate": false,
    "count": 0,
    "updated": 0
  },
  {
    "id": "2c049fc4-e866-4a50-baf4-f6a19319ec70",
    "data": [
      {
        "text": "any ",
        "userDefined": false
      },
      {
        "text": "exhibition",
        "alias": "queryText",
        "meta": "@sys.any",
        "userDefined": true
      },
      {
        "text": " at ",
        "userDefined": false
      },
      {
        "text": "Marina Square",
        "alias": "queryText",
        "meta": "@sys.any",
        "userDefined": true
      }
    ],
    "isTemplate": false,
    "count": 0,
    "updated": 0
  },
  {
    "id": "67473ea6-7fa1-46a6-bd3b-753c43c6dabe",
    "data": [
      {
        "text": "any ",
        "userDefined": false
      },
      {
        "text": "concert",
        "alias": "queryText",
        "meta": "@sys.any",
        "userDefined": true
      },
      {
        "text": " near ",
        "userDefined": false
      },
      {
        "text": "Marina Square",
        "alias": "queryText",
        "meta": "@sys.any",
        "userDefined": true
      }
    ],
    "isTemplate": false,
    "count": 0,
    "updated": 0
  },
  {
    "id": "84e03299-ad41-49ab-811e-552fca3c77b2",
    "data": [
      {
        "text": "I want go to ",
        "userDefined": false
      },
      {
        "text": "museum",
        "alias": "queryText",
        "meta": "@sys.any",
        "userDefined": true
      },
      {
        "text": ", any event there",
        "userDefined": false
      }
    ],
    "isTemplate": false,
    "count": 0,
    "updated": 0
  },
  {
    "id": "cecdf11d-1e06-43e2-8aa3-2e077d709bd5",
    "data": [
      {
        "text": "what will happen in ",
        "userDefined": false
      },
      {
        "text": "this week",
        "alias": "duration",
        "meta": "@sys.duration",
        "userDefined": true
      }
    ],
    "isTemplate": false,
    "count": 0,
    "updated": 0
  },
  {
    "id": "ac7ac4fd-4430-4b2b-ae67-7ed77694ddf7",
    "data": [
      {
        "text": "Anything for ",
        "userDefined": false
      },
      {
        "text": "family",
        "alias": "queryText",
        "meta": "@sys.any",
        "userDefined": true
      }
    ],
    "isTemplate": false,
    "count": 0,
    "updated": 0
  },
  {
    "id": "26d01f7e-9f1a-434d-8450-f68e41380936",
    "data": [
      {
        "text": "i want to find something for ",
        "userDefined": false
      },
      {
        "text": "kid",
        "alias": "queryText",
        "meta": "@sys.any",
        "userDefined": true
      }
    ],
    "isTemplate": false,
    "count": 0,
    "updated": 0
  },
  {
    "id": "11c11fb4-b92d-43a1-9afc-3e89a3cf0edb",
    "data": [
      {
        "text": "I would like to go ",
        "userDefined": false
      },
      {
        "text": "drama",
        "alias": "queryText",
        "meta": "@sys.any",
        "userDefined": true
      }
    ],
    "isTemplate": false,
    "count": 0,
    "updated": 0
  }
]