[
  {
    "id": "a19de9aa-5ad1-419d-b2d5-f0929453e413",
    "data": [
      {
        "text": "how is the ",
        "userDefined": false
      },
      {
        "text": "temperature",
        "alias": "weather",
        "meta": "@sys.any",
        "userDefined": true
      },
      {
        "text": " on ",
        "userDefined": false
      },
      {
        "text": "Sunday",
        "alias": "date",
        "meta": "@sys.date",
        "userDefined": true
      }
    ],
    "isTemplate": false,
    "count": 0,
    "updated": 0
  },
  {
    "id": "316be60a-0ddf-4a6a-a8ba-323aa76e2647",
    "data": [
      {
        "text": "how is the ",
        "userDefined": false
      },
      {
        "text": "weather",
        "alias": "weather",
        "meta": "@sys.any",
        "userDefined": true
      },
      {
        "text": " on ",
        "userDefined": false
      },
      {
        "text": "Sun 25 Aug",
        "alias": "date",
        "meta": "@sys.date",
        "userDefined": true
      }
    ],
    "isTemplate": false,
    "count": 0,
    "updated": 0
  },
  {
    "id": "0a668780-821b-4268-9316-98167ff78e9c",
    "data": [
      {
        "text": "is it ",
        "userDefined": false
      },
      {
        "text": "cold",
        "alias": "weather",
        "meta": "@sys.any",
        "userDefined": true
      },
      {
        "text": " ",
        "userDefined": false
      },
      {
        "text": "tomorrow",
        "alias": "date",
        "meta": "@sys.date",
        "userDefined": true
      }
    ],
    "isTemplate": false,
    "count": 0,
    "updated": 0
  },
  {
    "id": "b2b1bc04-da84-4192-a6ef-948da4c5f492",
    "data": [
      {
        "text": "how is the ",
        "userDefined": false
      },
      {
        "text": "weather",
        "alias": "weather",
        "meta": "@sys.any",
        "userDefined": true
      },
      {
        "text": " ",
        "userDefined": false
      },
      {
        "text": "today",
        "alias": "date",
        "meta": "@sys.date",
        "userDefined": true
      }
    ],
    "isTemplate": false,
    "count": 0,
    "updated": 0
  },
  {
    "id": "ce60fee7-3fa7-4b49-8e64-fe445f4efd58",
    "data": [
      {
        "text": "is it ",
        "userDefined": false
      },
      {
        "text": "hot",
        "alias": "weather",
        "meta": "@sys.any",
        "userDefined": true
      },
      {
        "text": " ",
        "userDefined": false
      },
      {
        "text": "tomorrow",
        "alias": "date",
        "meta": "@sys.date",
        "userDefined": true
      }
    ],
    "isTemplate": false,
    "count": 0,
    "updated": 0
  },
  {
    "id": "f513cfbd-5ff6-4785-b57f-b63ee79c9ca4",
    "data": [
      {
        "text": "will be ",
        "userDefined": false
      },
      {
        "text": "rain",
        "alias": "weather",
        "meta": "@sys.any",
        "userDefined": true
      },
      {
        "text": " ",
        "userDefined": false
      },
      {
        "text": "today",
        "alias": "date",
        "meta": "@sys.date",
        "userDefined": true
      }
    ],
    "isTemplate": false,
    "count": 0,
    "updated": 0
  },
  {
    "id": "5827dbbe-70ef-4adf-8f77-510ddb8f6fc1",
    "data": [
      {
        "text": "what is the ",
        "userDefined": false
      },
      {
        "text": "temperature",
        "alias": "weather",
        "meta": "@sys.any",
        "userDefined": true
      },
      {
        "text": " ",
        "userDefined": false
      },
      {
        "text": "now",
        "alias": "date",
        "meta": "@sys.date",
        "userDefined": true
      }
    ],
    "isTemplate": false,
    "count": 0,
    "updated": 0
  }
]