[
  {
    "id": "e2c6623b-4d83-4528-a574-315b17538c2c",
    "data": [
      {
        "text": "show me something",
        "userDefined": false
      }
    ],
    "isTemplate": false,
    "count": 0,
    "updated": 0
  },
  {
    "id": "75183ff7-9822-46e7-ac8d-86c0a626ed79",
    "data": [
      {
        "text": "show me anything",
        "userDefined": false
      }
    ],
    "isTemplate": false,
    "count": 0,
    "updated": 0
  },
  {
    "id": "cc4c7409-c6e6-418e-b0ad-7126e750f81d",
    "data": [
      {
        "text": "surprise me",
        "userDefined": false
      }
    ],
    "isTemplate": false,
    "count": 0,
    "updated": 0
  },
  {
    "id": "bf0003d4-e933-4e5d-b443-7f15400b2dfc",
    "data": [
      {
        "text": "recommends me anything",
        "userDefined": false
      }
    ],
    "isTemplate": false,
    "count": 0,
    "updated": 0
  },
  {
    "id": "fc14f757-4ac0-4659-86c1-51dc3ee01d1b",
    "data": [
      {
        "text": " please recommends",
        "userDefined": false
      }
    ],
    "isTemplate": false,
    "count": 0,
    "updated": 0
  }
]